positioning_id,positioning_dimension,commodity_trap_behavior,april_dunford_differentiation_frame,field_dialogue_script,commercial_perception_outcome,sales_rep_action_rule
DUNFORD-CAT-01,Market Category Definition,"Saying 'Hum nayi paint company hain aur paint bechte hain'","Define Swatch as a 'Factory-Fresh, High-Margin, Zero-Tint Texture System'","[Dealer Name] ji Namaste. Hum paint nahi bechte; hum retail trade counters ke liye ek Zero-Investment High-Margin Texture Coating System supply karte hain jisme bina kisi tinting machine ke aap 40% net cash margin kamate hain.",Dealer recognizes Swatch as an exclusive business profit system rather than an Asian Paints substitute.,Never open a conversation with the word 'paint'. Context sets the value.
DUNFORD-ALT-02,Competitive Alternative Trap,"Comparing directly against Asian Paints, Berger, or local formulators",Differentiate on business model: Heavy Machine Squeeze vs Zero Machine Direct Profit,"Sir Asian Paints ek heavy computerized tinting system hai jisme aapka ₹3.5L capital locked hai aur margin mushkil se 3% milta hai. Swatch ek completely different high-margin direct factory model hai.",Dealer shifts focus from brand familiarity to return on working capital and cash velocity.,Acknowledge the competitor's presence respectfully; never trash them. Contrast the business models.
DUNFORD-ATT-03,Unique Core Attribute,"Listing generic features like 'good finish, smooth texture, premium quality'",Highlight pre-graded natural silica quartz + zero tinting machine dependency,"Shahrukh bhai ne Bundi plant me 100% pre-graded washed silica quartz aggregate se pre-mixed formula banaya hai. Counter par koi machine nahi lagani; ready bag kholo aur trowel se seedha apply karo.",Dealer appreciates zero shop floor clutter, zero machine maintenance, and instant application readiness.,Highlight ready-mixed silica quartz aggregate and show physical 1ft x 1ft cured demo board.
DUNFORD-VAL-04,Customer Value Proposition,Arguing about cost-per-liter or offering random discounts,Quantify 5X-10X net margin velocity and zero capital lockup,"100 Bori Asian Paints texture bechkar aapko ₹3000 bachta hai. 100 Bori Swatch Rustic bechkar aapko flat ₹40000 se ₹55000 ka direct net cash profit milta hai. Yeh 10x net income multiplier hai.",Dealer realizes staying with low-margin MNC products exclusively is costing them ₹4.44L annually.,Use Keenan & Hormozi arithmetic. Show exact rupee delta per 100 bags.
DUNFORD-TGT-05,Target Customer Profile,Targeting exclusive luxury paint showrooms locked in MNC exclusivity contracts,Targeting high-volume hardware & mixed trade retailers with no tinting machine,"[Dealer Name] ji aapke counter par daily construction footfall hai lekin aapne tinting machine par ₹3.5L block nahi kiya. Swatch unhi smart counters ke liye design kiya gaya hai jo bina machine ke 40% margin kamaate hain.",Dealers without expensive tinting machines feel empowered to capture the exterior texture market.,Focus on mid-sized hardware and building material trade counters with high footfall.
DUNFORD-MNC-06,Asian Paints Comparison Reframe,"Saying 'Hamara maal Asian Paints se sasta hai'","Reframe: Asian Paints is for brand display; Swatch is for counter net cash income","[Dealer Name] ji Asian Paints aapke showroom ka brand standard hai use chalne dijiye. Lekin Swatch aapke counter ki asli net income badhane ke liye hai. Wahan 3% margin yahan 40% margin.",Dealer compartmentalizes products: MNC for brand demand, Swatch for commercial wealth creation.,Never tell the dealer to throw out Asian Paints. Position Swatch as the complementary high-profit engine.
DUNFORD-CNF-07,Dealer Confusion Reframe,Explaining chemical binder solids and polymer chemistry,"Reframe: Swatch is a high-ticket, crack-proof stone elevation texture system","[Dealer Name] ji hum na to normal putty hain na simple paint. Swatch ek Factory-Fresh Exterior Quartz Texture System hai jo deewar ko natural stone look deta hai aur 5 saal tak crack-proof rehta hai with ₹50 token inside.",Dealer instantly visualizes luxury exterior facades and contractor trowel application pull.,Reframe confusing technical questions back to customer aesthetic and painter cash incentive.
DUNFORD-PRC-08,Price Objection Reframe,"Lowering dealer price below standard ₹690 rate to match cheap local powder","Reframe: Price is the entry point to permanent dealer reputation and 40% clean profit","[Dealer Name] ji ₹350 wala local powder 6 mahine me jhad jata hai aur client payment rokta hai. Swatch 100% natural washed silica quartz hai jisme aapka purchase ₹690 aur MRP ₹1150 hai — yani har bag par ₹460 gross margin.",Dealer understands low price equals high risk of customer complaints, while Swatch guarantees durability.,Strictly defend the ₹690 dealer price. Emphasize the ₹460 gross spread against ₹1150 MRP.
DUNFORD-MCH-09,Machine Addiction Reframe,Arguing that computerized tinting machines are useless,Reframe tinting machine as an overhead cost center for slow-moving texture bases,"Aapki machine interior paint ke hazaaron shades ke liye best hai. Lekin 25kg exterior texture me customer standard natural stone shades chahta hai jisme machine sirf time waste aur canister cleaning badhati hai.",Dealer acknowledges that running heavy paste textures through tinting machines causes nozzle blockage and waste.,Validate the machine for interior paints; establish Swatch ready-mixed superiority for exterior textures.
DUNFORD-CAD-10,Daily/Weekly Positioning Cadence,Sales reps using inconsistent ad-hoc pitches,"Enforce 10 daily category reframes + 3 comparison breaks + weekly objection audit","Daily Cadence: 10 Positioning pitches -> 5 Category education discussions -> 3 Comparison breaks -> 100% CRM feedback logging.",Field sales force speaks with unified, authoritative commercial clarity across the entire territory.,Audit reps weekly. Ensure no rep says 'hum paint bechte hain'.
